Mean,43.7
Standard Deviation,14.790537515587458
Max Area,53.94560947916805
Expected Sum,196.23676310081677
Expected Frequencies,9.195927772351975,25.539702349104708,45.6566308465272,52.5595373386778,38.96786372852805,18.60236543102962,5.714735634597412
